patient_id,gene_id,chromosome,position,ref_allele,alt_allele,genotype,allele_frequency,quality_score,read_depth,phred_score,consequence,impact,clinical_significance,population_frequency
P001,BRCA1,17,43094691,G,A,0/1,0.45,99.5,120,35,missense_variant,MODERATE,pathogenic,0.001
P001,BRCA2,13,32315479,C,T,1/1,0.95,98.2,95,32,stop_gained,HIGH,pathogenic,0.0005
P001,TP53,17,7577120,G,C,0/1,0.52,99.8,110,38,missense_variant,MODERATE,pathogenic,0.002
P001,EGFR,7,55241707,A,G,0/0,0.12,97.5,85,30,synonymous_variant,LOW,benign,0.15
P001,KRAS,12,25398284,C,A,0/1,0.48,99.1,105,36,missense_variant,MODERATE,pathogenic,0.003
P002,BRCA1,17,43094691,G,A,0/0,0.05,99.2,115,34,missense_variant,MODERATE,pathogenic,0.001
P002,BRCA2,13,32315479,C,T,0/1,0.42,98.8,100,33,stop_gained,HIGH,pathogenic,0.0005
P002,TP53,17,7577120,G,C,0/0,0.08,99.5,125,37,missense_variant,MODERATE,pathogenic,0.002
P002,EGFR,7,55241707,A,G,1/1,0.88,97.8,90,31,synonymous_variant,LOW,benign,0.15
P002,KRAS,12,25398284,C,A,0/0,0.12,99.3,95,35,missense_variant,MODERATE,pathogenic,0.003
P003,BRCA1,17,43094691,G,A,1/1,0.95,99.7,130,39,missense_variant,MODERATE,pathogenic,0.001
P003,BRCA2,13,32315479,C,T,0/0,0.15,98.5,105,32,stop_gained,HIGH,pathogenic,0.0005
P003,TP53,17,7577120,G,C,1/1,0.92,99.9,120,40,missense_variant,MODERATE,pathogenic,0.002
P003,EGFR,7,55241707,A,G,0/1,0.55,97.2,80,29,synonymous_variant,LOW,benign,0.15
P003,KRAS,12,25398284,C,A,1/1,0.88,99.4,110,36,missense_variant,MODERATE,pathogenic,0.003
P004,BRCA1,17,43094691,G,A,0/1,0.38,99.1,100,33,missense_variant,MODERATE,pathogenic,0.001
P004,BRCA2,13,32315479,C,T,0/1,0.45,98.9,95,31,stop_gained,HIGH,pathogenic,0.0005
P004,TP53,17,7577120,G,C,0/0,0.18,99.6,115,38,missense_variant,MODERATE,pathogenic,0.002
P004,EGFR,7,55241707,A,G,0/0,0.22,97.7,85,30,synonymous_variant,LOW,benign,0.15
P004,KRAS,12,25398284,C,A,0/1,0.42,99.2,105,34,missense_variant,MODERATE,pathogenic,0.003
P005,BRCA1,17,43094691,G,A,0/0,0.12,99.3,120,35,missense_variant,MODERATE,pathogenic,0.001
P005,BRCA2,13,32315479,C,T,0/0,0.25,98.6,100,32,stop_gained,HIGH,pathogenic,0.0005
P005,TP53,17,7577120,G,C,0/1,0.48,99.7,125,37,missense_variant,MODERATE,pathogenic,0.002
P005,EGFR,7,55241707,A,G,1/1,0.78,97.9,90,31,synonymous_variant,LOW,benign,0.15
P005,KRAS,12,25398284,C,A,0/0,0.28,99.0,95,33,missense_variant,MODERATE,pathogenic,0.003